,state,district,Jan,Feb,Mar,Apr,May,Jun,Jul,Aug,Sep,Oct,Nov,Dec
0,telangana,adilabad,0.0,0.0,15.2,3.5,22.9,244.5,118.9,272.1,84.9,75.9,8.0,0.5
1,andhra pradesh,anantpur,0.2,0.0,6.2,9.2,44.2,60.8,31.3,96.1,195.9,208.8,8.0,0.5
2,andaman and nicobar islands,andaman,10.2,163.2,364.8,431.2,343.0,199.6,320.9,741.4,199.0,72.2,0.0,0.0
3,arunachal pradesh,anjaw,10.2,163.2,364.8,431.2,343.0,199.6,320.9,741.4,199.0,72.2,0.0,0.0
4,bihar,araria,0.0,0.0,49.0,18.9,93.9,143.4,320.9,741.4,199.0,72.2,0.0,0.0
5,bihar,arwal,0.0,0.0,4.3,8.4,11.4,20.3,292.9,101.4,113.1,0.0,0.0,0.0
6,bihar,aurangabad_br,0.0,0.0,4.2,3.4,24.7,41.8,467.6,262.4,95.9,4.7,0.0,0.0
7,assam,baksa,2.7,56.5,60.0,217.2,219.9,484.8,207.6,406.0,318.4,61.8,1.6,0.0
8,bihar,banka,0.0,0.0,7.8,24.7,80.2,89.7,398.5,235.2,238.8,130.5,0.0,0.0
9,assam,barpeta,0.0,41.5,56.8,352.3,215.1,542.6,391.0,679.9,645.8,204.4,10.1,0.0
10,bihar,begusarai,0.0,0.0,20.7,16.9,62.5,53.5,314.0,289.6,109.0,73.0,0.0,0.0
11,bihar,bhabua,0.0,0.0,1.4,0.0,0.4,53.0,424.4,294.4,55.6,0.0,0.0,0.0
12,bihar,bhagalpur,4.0,0.0,18.4,22.6,111.3,66.8,377.5,319.3,216.0,272.3,0.1,0.0
13,bihar,bhojpur,0.0,0.0,0.0,7.4,28.6,88.2,222.6,110.7,124.5,2.3,0.0,0.0
14,assam,bongaigaon,0.0,50.8,60.8,390.2,221.6,394.0,404.5,1083.8,766.2,304.6,4.0,0.0
15,bihar,buxar,0.0,0.0,0.0,20.0,58.3,17.1,431.1,217.2,94.0,27.0,0.0,0.0
16,assam,cachar,0.0,38.5,318.7,408.6,306.2,584.2,480.0,564.5,200.3,362.7,10.2,101.0
17,chandigarh,chandigarh,137.0,1.6,22.0,10.5,5.7,103.1,195.2,309.4,145.1,0.0,0.0,14.8
18,arunachal pradesh,changlang,3.1,40.6,152.0,258.8,201.6,197.4,315.7,288.7,197.8,122.7,19.7,0.0
19,chhattisgarh,balod,0.0,0.0,24.5,0.0,11.4,284.1,443.8,355.2,283.4,22.6,0.0,0.0
20,chhattisgarh,baloda bazar,0.0,0.0,4.3,0.0,0.0,93.0,218.7,221.7,126.6,26.6,0.0,0.0
21,chhattisgarh,bastar,0.0,0.0,1.9,13.4,78.6,268.0,441.6,421.9,221.3,136.4,0.0,0.0
22,chhattisgarh,bemetara,1.0,0.0,1.0,0.0,4.0,200.6,275.8,307.9,328.6,40.8,3.0,0.0
23,chhattisgarh,bijapur_ch,0.0,0.0,1.0,3.0,19.0,182.0,429.9,377.5,129.2,99.7,0.0,0.0
24,chhattisgarh,bilaspur_ch,3.1,8.6,3.6,0.2,15.1,164.6,267.1,288.1,161.3,32.4,0.8,0.0
25,chhattisgarh,dantewada,0.0,0.0,0.0,0.0,40.0,248.2,324.1,515.9,105.1,81.8,0.0,0.0
26,chhattisgarh,dhamtari,0.0,0.2,22.6,0.0,20.8,169.6,304.4,319.2,277.2,67.8,0.0,0.0
27,chhattisgarh,durg,1.8,0.0,11.4,0.0,18.2,124.4,192.8,278.6,151.4,66.4,0.0,0.0
28,chhattisgarh,gariaband,0.0,0.0,10.5,0.0,3.1,146.1,276.8,297.9,190.3,92.3,0.0,0.0
29,chhattisgarh,janjgir,0.0,0.0,0.0,0.0,7.0,211.3,357.9,212.8,159.1,37.8,0.0,0.0
30,chhattisgarh,jashpur,0.0,1.0,0.0,0.0,23.5,177.7,586.1,268.3,165.2,28.8,0.0,0.0
31,chhattisgarh,kabirdham,0.0,0.0,0.0,0.0,62.6,182.6,366.9,658.0,130.5,47.6,0.0,0.0
32,chhattisgarh,kanker,0.0,0.0,0.0,0.0,0.0,195.1,342.8,273.9,224.1,109.1,0.0,0.0
33,chhattisgarh,kondagaon,0.0,0.0,0.0,0.0,38.2,368.0,344.0,276.0,85.0,176.8,0.0,0.0
34,chhattisgarh,korba,5.3,0.0,0.0,0.0,13.3,137.0,463.6,303.4,249.7,30.3,1.0,0.0
35,chhattisgarh,koriya,0.0,2.9,0.0,0.0,2.3,97.6,355.1,142.7,130.6,21.2,0.0,0.0
36,chhattisgarh,mahasamund,0.0,0.0,0.0,0.0,0.0,173.6,282.9,272.8,176.3,45.5,0.0,0.0
37,chhattisgarh,mungeli,5.6,1.8,0.0,0.0,2.2,176.0,239.9,303.6,61.6,0.0,0.0,0.0
38,chhattisgarh,narayanpur,0.0,0.0,0.0,0.0,30.8,190.2,301.5,263.0,201.3,61.9,0.0,0.0
39,chhattisgarh,raigarh_ch,0.0,0.0,0.0,0.0,4.5,203.7,332.9,223.8,208.2,47.2,0.3,0.0
40,chhattisgarh,raipur,3.9,0.0,5.8,0.0,6.0,196.9,138.4,228.9,224.9,62.6,0.0,0.0
41,chhattisgarh,rajnandgaon,0.0,0.0,15.9,0.0,11.5,137.5,269.7,177.2,140.0,47.6,0.0,0.0
42,chhattisgarh,sukma,0.0,0.0,0.0,0.0,0.0,453.4,531.5,399.3,212.1,183.5,0.0,0.0
43,chhattisgarh,surajpur,0.0,0.0,0.0,0.0,1.0,63.4,612.1,283.5,139.3,9.0,0.0,0.0
44,chhattisgarh,surguja,5.9,3.8,1.2,0.0,2.7,213.7,695.2,315.2,172.2,43.0,0.7,0.0
45,assam,chirang,0.4,26.6,63.8,458.2,424.5,837.9,686.0,1198.8,858.0,316.2,25.4,0.0
46,andhra pradesh,chitoor,15.5,0.0,26.9,9.0,55.4,92.3,85.0,207.9,226.7,289.4,99.5,31.4
47,andhra pradesh,cudapath,1.5,0.0,5.6,8.2,36.8,97.0,39.4,224.7,181.9,221.7,36.4,1.0
48,dadra and nagar haveli,dadra & nagar haveli,0.0,0.0,0.0,0.0,1.9,748.7,1295.6,700.4,306.0,121.9,0.0,8.2
49,dadra and nagar haveli,daman,0.0,0.0,0.0,0.0,0.0,168.1,549.0,275.0,49.7,27.4,0.0,8.2
50,daman and diu,diu,0.0,0.0,0.0,0.0,0.0,168.1,549.0,275.0,49.7,27.4,0.0,8.2
51,bihar,darbhanga,0.0,0.0,27.6,54.0,138.0,108.3,432.4,443.4,66.9,1.9,0.0,0.0
52,assam,darrang,19.0,0.0,5.0,5.0,16.0,98.0,143.8,201.6,141.4,0.0,0.0,0.0
53,delhi,central delhi,19.0,0.0,5.0,5.0,16.0,98.0,143.8,201.6,141.4,0.0,0.0,5.0
54,delhi,delhi,32.0,0.0,11.0,27.4,36.7,193.5,188.0,163.9,155.5,0.0,0.4,7.3
55,delhi,east delhi,32.0,0.0,11.0,27.4,36.7,193.5,188.0,163.9,155.5,0.0,0.4,7.3
56,delhi,new delhi,31.6,0.0,11.0,27.4,36.7,193.5,188.0,163.9,155.5,0.0,0.4,7.3
57,delhi,north delhi,27.0,0.0,8.0,0.9,25.0,176.1,126.5,104.3,112.7,0.0,0.2,5.7
58,delhi,north east delhi,30.0,0.0,8.0,0.0,22.0,71.0,105.5,68.0,15.0,0.0,0.0,0.0
59,delhi,north west delhi,41.8,0.0,5.0,0.3,15.0,142.7,112.3,50.0,114.0,0.0,0.0,3.0
60,delhi,south delhi,37.1,0.0,4.6,89.1,17.0,104.1,88.8,149.3,117.9,0.0,0.2,6.8
61,delhi,south west delhi,41.5,0.0,15.3,17.7,12.6,65.6,98.0,156.6,104.2,0.0,0.1,5.4
62,delhi,west delhi,42.0,0.0,90.0,10.0,16.5,54.0,145.5,154.0,147.0,0.0,0.0,5.0
63,assam,dhemaji,2.0,70.0,90.0,285.0,281.0,486.0,704.0,446.0,419.0,161.9,0.0,0.0
64,assam,dhubri,0.8,8.2,86.4,445.1,270.6,457.1,304.6,353.6,399.3,161.9,0.0,0.0
65,arunachal pradesh,dibang valley,22.0,202.0,468.0,410.0,186.0,69.0,37.0,339.0,196.6,168.0,14.0,1.0
66,assam,dibrugarh,3.5,97.2,117.1,238.1,316.0,283.8,461.1,280.8,269.3,190.6,0.9,1.5
67,bihar,east champaran,3.2,0.0,23.8,7.9,87.9,84.9,338.3,249.4,128.9,0.0,0.0,0.0
68,andhra pradesh,east godavri,0.0,0.0,10.0,7.9,14.3,225.5,232.5,183.5,163.4,121.2,4.5,0.0
69,arunachal pradesh,east kameng,0.0,6.2,60.6,300.6,175.3,158.9,184.5,223.1,162.4,26.6,0.0,0.0
70,arunachal pradesh,east siang,2.4,60.5,180.5,521.9,386.1,735.4,883.9,966.8,517.5,330.6,0.0,0.0
71,bihar,gaya,0.6,0.0,11.7,0.0,15.5,28.4,324.1,281.6,101.2,5.0,0.3,0.0
72,goa,goa,0.0,0.0,0.0,0.0,57.0,887.1,874.6,530.3,451.7,170.2,0.0,4.8
73,goa,north goa,0.0,0.0,0.0,0.0,57.0,887.1,874.6,530.3,451.7,170.2,0.0,4.8
74,goa,south goa,0.0,0.0,0.0,0.0,51.3,735.4,797.3,493.2,373.6,129.9,1.1,11.5
75,assam,golaghat,0.0,49.5,134.0,165.8,262.8,224.4,396.9,227.5,212.3,149.9,4.1,0.0
76,assam,golapara,0.8,22.4,89.6,332.4,292.4,424.2,467.7,394.7,598.4,184.5,0.7,0.0
77,bihar,gopalganj,2.1,0.0,10.6,7.5,60.3,95.9,379.9,178.9,190.6,4.5,0.0,0.0
78,gujarat,ahmedabad,0.0,0.0,0.0,0.0,0.2,88.3,490.9,100.1,52.0,0.0,0.0,3.0
79,gujarat,amreli,0.0,0.0,0.0,0.6,0.0,74.1,309.6,111.5,66.4,29.9,0.0,3.9
80,gujarat,anand,0.0,0.0,0.0,0.0,0.9,95.6,376.8,168.7,59.3,0.0,0.0,1.8
81,gujarat,aravalli,0.0,0.0,0.0,0.0,0.0,61.2,618.7,151.2,56.0,0.0,0.0,8.8
82,gujarat,banaskantha,0.0,0.0,0.0,0.1,0.3,76.8,939.7,95.0,25.3,0.0,0.0,0.6
83,gujarat,bharuch,0.0,0.0,0.0,0.0,0.0,181.5,265.2,234.7,62.5,21.6,0.0,6.3
84,gujarat,bhavnagar,0.0,0.0,0.0,0.0,0.0,72.6,222.5,210.0,63.0,22.3,0.0,5.7
85,gujarat,botad,0.0,0.0,0.0,0.0,0.0,72.3,340.3,196.0,63.8,0.0,0.0,6.3
86,gujarat,chhota udepur,0.0,0.0,0.0,0.0,0.0,83.0,404.1,236.0,101.9,9.2,0.0,9.4
87,gujarat,dahod,0.0,0.0,0.0,0.0,1.0,111.2,363.2,113.0,58.7,1.2,0.0,6.2
88,gujarat,dangs,0.0,0.0,0.0,0.0,0.0,289.7,955.0,361.7,187.0,114.0,0.0,56.7
89,gujarat,devbhoomi dwarka,0.0,0.0,0.0,0.0,0.0,110.2,280.7,222.7,6.6,0.0,0.0,0.0
90,gujarat,gandhinagar,0.0,0.0,0.0,0.0,0.5,70.9,889.2,144.8,94.9,0.0,0.0,6.9
91,gujarat,gir somnath,0.0,0.0,0.0,0.0,0.0,99.5,582.5,276.3,74.1,19.8,0.0,4.6
92,gujarat,jamnagar,0.0,0.0,0.0,0.0,0.0,79.2,426.2,156.5,6.7,0.0,0.0,0.0
93,gujarat,junagadh,0.0,0.0,0.0,0.0,0.0,129.3,366.0,291.2,82.2,8.4,0.0,1.5
94,gujarat,kheda,0.0,0.0,0.0,0.0,0.0,104.8,518.8,154.7,77.5,2.0,0.0,1.6
95,gujarat,kutch,0.1,0.1,0.0,0.0,0.0,58.9,295.4,104.3,34.5,0.0,0.0,0.0
96,gujarat,mahisagar,0.0,0.0,0.0,0.0,0.0,132.2,473.3,95.3,45.7,0.0,0.0,3.0
97,gujarat,mehsana,0.0,0.0,0.0,0.0,0.0,100.3,611.3,117.0,18.2,0.0,0.0,0.4
98,gujarat,morbi,0.0,0.0,0.0,0.0,0.0,61.8,676.2,197.4,16.2,0.0,0.0,1.2
99,gujarat,narmada,0.0,0.0,0.0,0.0,0.0,205.2,421.1,252.3,61.5,25.3,0.0,15.4
100,gujarat,navsari,0.0,0.0,0.0,0.0,0.0,288.7,862.2,331.5,133.5,34.3,0.0,43.5
101,gujarat,panchmahal,0.0,0.0,0.0,0.0,0.0,104.3,509.6,143.0,78.7,2.6,0.0,6.9
102,gujarat,patan,0.0,0.0,0.0,0.0,0.0,89.1,721.6,98.3,20.8,0.0,0.0,2.2
103,gujarat,porbandar,0.0,0.0,0.0,0.0,0.0,167.0,201.0,210.3,76.0,0.0,0.0,0.0
104,gujarat,rajkot,0.0,0.0,0.0,0.0,1.4,139.0,448.4,165.3,68.0,0.0,0.0,0.2
105,gujarat,sabarkantha,0.0,0.0,0.0,0.0,0.0,98.2,657.8,173.2,34.7,0.0,0.0,5.6
106,gujarat,surat,0.0,0.0,0.0,0.0,0.1,240.9,518.7,293.1,113.1,57.7,0.0,20.1
107,gujarat,surendranagar,0.0,0.0,0.0,0.0,0.0,93.2,584.5,141.7,18.6,0.0,0.0,1.6
108,gujarat,tapi,0.0,0.0,0.0,0.0,0.0,132.8,520.6,203.6,104.6,65.4,0.0,37.8
109,gujarat,vadodara,0.0,0.0,0.0,0.0,0.2,91.4,320.1,118.2,39.7,1.0,0.0,6.5
110,gujarat,valsad,0.0,0.0,0.0,0.0,0.6,486.1,1278.1,570.4,211.9,89.3,0.0,69.5
111,andhra pradesh,guntur,0.0,0.0,6.9,2.1,40.5,169.1,139.9,186.7,145.1,93.7,7.6,0.0
112,assam,hailakandi,0.0,57.5,239.3,464.6,283.5,593.4,287.6,473.8,149.2,176.9,7.4,87.5
113,haryana,ambala,102.0,1.3,14.4,14.1,9.5,139.9,96.0,265.9,127.6,0.0,0.0,8.4
114,haryana,bhiwani,16.6,0.0,6.5,6.5,5.3,103.1,70.9,44.0,27.3,0.0,8.8,2.4
115,haryana,faridabad,16.3,0.0,14.3,4.0,31.0,129.7,150.0,36.6,279.1,0.0,0.6,5.0
116,haryana,fatehabad,20.2,0.0,2.4,1.4,1.2,47.6,24.7,22.7,43.0,0.0,1.8,4.0
117,haryana,gurgaon,28.8,0.0,2.4,2.8,15.8,97.3,61.2,33.4,65.0,0.0,0.0,1.3
118,haryana,hisar,23.0,0.0,4.8,1.4,5.3,132.8,47.6,43.2,24.3,0.0,1.5,3.5
119,haryana,jhajjar,20.1,0.0,0.9,1.4,11.5,188.7,122.6,47.5,34.7,0.0,0.1,1.1
120,haryana,jind,46.0,0.0,7.3,1.5,6.5,150.0,44.2,82.2,51.5,0.0,2.2,3.7
121,haryana,kaithal,51.9,1.0,1.8,0.5,5.5,118.3,46.8,124.9,121.7,0.0,0.0,3.5
122,haryana,karnal,66.5,0.0,9.8,2.7,11.0,169.1,82.0,108.4,197.8,0.0,0.7,6.4
123,haryana,kurukshetra,49.7,0.3,9.5,6.3,0.9,131.5,47.1,104.4,158.9,0.0,0.0,5.5
124,haryana,mahendragarh,17.2,0.0,3.3,8.0,33.5,147.4,73.0,58.9,35.9,0.0,0.0,1.6
125,haryana,mewat,26.0,0.0,11.4,0.4,10.8,152.1,60.8,87.4,104.0,0.0,0.0,6.5
126,haryana,palwal,16.3,0.0,9.0,0.0,10.8,76.0,53.0,30.0,135.3,0.0,0.0,4.5
127,haryana,panchkula,83.9,1.2,10.5,6.7,1.6,50.4,67.0,193.4,95.0,0.0,0.0,18.0
128,haryana,panipat,40.4,0.2,8.0,0.7,8.3,94.3,67.8,71.6,81.7,0.0,0.0,4.0
129,haryana,rewari,36.7,2.0,3.3,0.0,24.3,131.7,83.2,111.6,38.0,0.0,0.0,2.3
130,haryana,rohtak,24.6,0.0,8.8,0.6,5.7,128.2,30.8,43.9,52.1,0.0,0.5,2.7
131,haryana,sirsa,10.0,0.0,1.5,0.0,4.5,79.7,13.0,15.3,63.6,0.0,4.7,3.0
132,haryana,sonepat,41.1,0.0,9.2,3.2,13.2,134.5,97.1,39.2,130.4,0.0,0.0,2.0
133,haryana,yamuna nagar,87.9,2.3,23.9,23.5,12.8,186.7,162.7,297.6,207.8,0.0,0.0,11.3
134,himachal pradesh,bilaspur_hp,193.8,19.9,47.9,54.3,47.0,99.7,169.7,513.3,168.2,0.1,0.2,42.9
135,himachal pradesh,chamba,187.9,88.3,76.1,105.2,75.7,130.7,277.9,196.8,90.2,0.0,2.3,69.0
136,himachal pradesh,hamirpur_hp,148.0,12.4,40.1,42.1,52.1,137.3,302.5,547.0,87.6,0.0,0.0,60.2
137,himachal pradesh,kangra,114.3,30.9,36.6,45.5,54.6,220.3,637.4,636.3,134.3,2.3,0.3,80.3
138,himachal pradesh,kinnaur,135.0,38.6,69.5,121.1,17.4,39.4,41.9,27.5,51.6,0.1,21.5,29.9
139,himachal pradesh,kullu,186.8,77.6,106.9,109.2,96.5,146.1,218.9,106.2,106.4,1.0,19.0,44.9
140,himachal pradesh,lahaul and spiti,163.2,81.2,57.5,140.0,41.6,62.4,19.6,29.5,26.9,0.0,12.7,49.6
141,himachal pradesh,mandi,135.3,32.2,41.1,61.2,111.1,162.6,467.8,430.7,134.7,0.0,1.4,52.0
142,himachal pradesh,shimla,119.5,19.9,59.7,77.5,118.9,146.1,189.2,183.3,126.8,0.0,2.4,24.8
143,himachal pradesh,sirmaur,117.4,10.2,38.9,41.2,66.7,257.4,276.1,386.8,291.7,0.0,0.0,23.4
144,himachal pradesh,solan,252.9,10.0,37.8,52.2,80.1,184.1,207.5,306.7,133.6,0.0,0.6,28.4
145,himachal pradesh,una,94.2,12.2,19.6,42.5,41.2,126.7,224.7,588.9,79.0,0.0,0.8,40.4
146,telangana,hyderabad,0.0,0.0,2.5,18.5,42.6,163.3,138.8,250.5,155.7,248.4,0.0,0.0
147,bihar,jahanabad,0.0,0.0,0.8,0.0,21.0,133.5,314.2,128.3,146.5,0.0,0.0,0.0
148,jammu and kashmir,anantnag,247.9,155.3,96.4,298.9,74.8,143.7,66.1,56.9,26.6,0.2,17.7,77.5
149,jammu and kashmir,badgam,200.0,44.7,55.8,178.1,34.9,72.7,19.2,31.6,10.9,0.0,10.1,42.7
150,jammu and kashmir,bandipore,383.6,83.7,118.2,217.2,58.2,93.0,77.0,101.0,11.0,0.0,20.0,47.0
151,jammu and kashmir,baramula,383.6,83.7,118.2,217.2,58.2,150.2,124.2,73.2,60.5,0.7,12.2,97.4
152,jammu and kashmir,doda,310.2,153.4,83.8,157.6,47.0,192.8,160.4,75.4,24.2,0.2,10.8,112.2
153,jammu and kashmir,ganderbal,171.4,123.8,111.8,140.2,48.0,108.2,81.8,69.9,18.6,0.0,9.8,84.2
154,jammu and kashmir,jammu,170.3,47.8,34.2,48.9,16.6,196.0,282.6,295.9,45.1,0.0,3.2,58.5
155,jammu and kashmir,kargil,132.8,34.6,4.4,72.0,0.0,4.0,39.0,3.6,0.4,0.0,0.0,21.6
156,jammu and kashmir,kathua,132.8,34.6,40.2,44.2,24.8,144.8,336.4,566.8,57.2,0.0,0.5,93.5
157,jammu and kashmir,kistwar,296.3,161.2,86.5,242.1,36.2,144.6,49.6,62.2,20.4,0.0,16.6,74.9
158,jammu and kashmir,kulgam,296.3,161.2,86.5,242.1,36.2,144.6,49.6,62.2,20.4,0.0,16.6,74.9
159,jammu and kashmir,kupwara,234.0,145.6,132.1,252.7,28.2,69.2,31.5,52.4,9.2,0.0,23.1,64.5
160,jammu and kashmir,ladakh(leh),12.5,57.5,0.8,42.8,2.9,18.7,6.2,6.0,1.6,0.0,0.0,1.8
161,jammu and kashmir,poonch,238.0,58.4,51.7,193.9,31.1,97.3,48.3,48.6,11.0,0.0,10.6,68.1
162,jammu and kashmir,pulwama,238.0,58.4,51.7,193.9,31.1,97.3,48.3,48.6,11.0,0.0,10.6,68.1
163,jammu and kashmir,rajouri,174.0,49.0,32.8,92.4,34.8,122.1,108.0,223.4,48.8,0.0,15.2,56.4
164,jammu and kashmir,ramban,423.3,187.9,180.8,218.7,46.5,167.8,123.4,76.7,44.7,0.1,11.9,122.6
165,jammu and kashmir,reasi,212.3,87.2,85.0,69.2,18.1,431.6,757.4,551.2,226.8,0.0,9.2,130.5
166,jammu and kashmir,samba,104.7,26.9,36.1,11.8,7.5,127.3,234.2,175.2,45.1,0.0,2.2,44.6
167,jammu and kashmir,shopian,220.0,142.3,80.8,232.9,42.5,123.0,78.0,57.0,29.0,0.0,38.0,58.6
168,jammu and kashmir,srinagar,220.0,142.3,80.8,232.9,42.5,97.5,50.8,40.0,19.9,0.0,12.9,45.5
169,jammu and kashmir,udhampur,321.2,153.5,104.0,55.1,15.6,197.0,373.9,158.7,23.0,2.7,3.7,66.9
170,bihar,jamui,0.0,0.0,0.0,8.6,97.7,86.6,398.4,186.3,68.5,237.8,0.0,0.0
171,jharkhand,bokaro,2.9,0.0,3.0,12.5,54.3,120.5,589.6,260.5,100.3,77.2,1.1,0.0
172,jharkhand,chatra,8.7,0.0,8.3,0.0,14.1,71.0,348.1,209.3,76.9,32.0,0.0,0.0
173,jharkhand,deoghar,2.7,0.0,3.9,0.0,87.9,89.8,441.9,163.5,133.1,174.7,0.4,0.4
174,jharkhand,dhanbad,9.5,0.0,10.6,17.6,45.6,123.3,560.3,174.6,123.1,176.2,0.0,0.0
175,jharkhand,dumka,12.0,0.0,0.0,0.0,70.8,116.0,651.6,348.7,324.0,368.2,0.0,0.0
176,jharkhand,east singbhum,0.0,0.0,15.1,17.8,393.2,131.4,682.3,467.4,277.8,151.5,10.1,0.1
177,jharkhand,garwah,7.3,0.2,3.0,0.0,0.0,12.4,171.0,165.6,70.4,19.2,3.4,0.0
178,jharkhand,giridih,4.4,0.0,7.6,3.7,51.3,91.6,413.4,141.8,107.1,163.3,0.0,0.0
179,jharkhand,godda,1.4,0.0,5.2,0.0,21.4,36.7,340.0,136.5,167.8,202.2,0.0,1.2
180,jharkhand,gumla,0.0,0.0,0.0,0.0,16.3,154.2,465.0,257.4,168.6,54.6,3.7,0.0
181,jharkhand,hazaribagh,11.2,0.0,0.0,0.0,38.5,121.4,645.6,173.9,118.0,98.0,0.0,0.0
182,jharkhand,jamtara,1.5,0.0,0.0,0.0,74.2,139.1,455.0,173.7,150.9,227.4,0.0,0.0
183,jharkhand,khunti,1.5,0.0,0.0,0.0,0.0,182.5,391.2,266.3,98.7,44.1,0.0,0.0
184,jharkhand,koderma,0.9,0.0,3.5,2.2,4.9,21.4,472.7,199.0,101.4,44.7,0.0,0.0
185,jharkhand,latehar,27.1,0.0,0.0,0.0,19.1,70.6,638.9,233.1,127.8,76.9,0.0,0.0
186,jharkhand,lohardaga,7.9,0.0,3.1,0.0,19.6,167.1,591.0,217.1,180.4,75.1,11.0,0.0
187,jharkhand,pakur,1.3,0.0,9.0,2.2,66.1,165.1,514.4,342.5,256.4,195.8,0.0,3.0
188,jharkhand,palamu,14.1,1.0,0.9,0.0,8.4,39.1,482.0,181.5,62.6,14.0,0.1,0.0
189,jharkhand,ramgarh,0.2,0.0,3.2,3.5,26.8,210.8,863.4,243.7,160.0,94.6,1.9,0.0
190,jharkhand,ranchi,0.2,0.0,3.2,3.5,26.5,103.7,587.9,250.0,105.9,68.2,1.9,0.0
191,jharkhand,sahibganj,0.0,0.0,0.0,70.2,115.8,81.4,354.4,711.6,184.0,118.4,4.6,4.6
192,jharkhand,seraikala-kharsawan,0.0,0.0,0.0,31.4,120.1,119.4,539.3,304.8,87.5,124.1,2.7,0.0
193,jharkhand,simdega,0.0,0.0,0.6,0.0,5.6,326.6,474.5,422.8,207.7,37.4,0.0,0.0
194,jharkhand,west singbhum,0.0,0.0,13.5,12.1,83.6,131.9,371.8,197.3,85.2,91.4,7.0,0.0
195,assam,kamrup rural,0.0,35.6,23.0,404.4,272.3,366.0,333.8,199.6,207.7,100.4,15.8,0.0
196,assam,kamrup,0.0,6.5,157.1,175.4,110.8,271.2,268.6,171.4,163.9,137.8,7.6,5.7
197,assam,karbi anglong,0.0,6.5,157.1,175.4,110.8,271.2,268.6,171.4,163.9,137.8,7.6,5.7
198,assam,karimganj,0.0,6.5,157.1,175.4,110.8,271.2,268.6,171.4,163.9,137.8,7.6,5.7
199,telangana,karimnagar,0.0,0.0,3.6,1.8,7.2,197.9,148.8,177.3,75.8,123.0,2.5,0.8
200,karnataka,bagalkote,0.0,0.0,7.7,8.2,54.8,80.0,44.5,60.9,222.9,145.8,3.6,0.8
201,karnataka,ballari,0.0,0.0,21.9,5.8,55.6,58.1,50.8,129.9,238.8,168.5,0.0,0.0
202,karnataka,belagavi,0.0,0.0,0.2,9.1,65.0,138.1,193.0,66.5,231.7,126.9,8.3,1.0
203,karnataka,bengaluru,0.9,0.0,12.4,36.9,207.6,27.6,36.1,199.1,376.8,335.0,16.2,11.3
204,karnataka,bengaluru rural,0.9,0.0,12.4,36.9,207.6,27.6,36.1,199.1,376.8,335.0,16.2,11.3
205,karnataka,bengaluru urban,0.5,0.0,27.4,26.0,204.6,32.0,41.1,231.7,394.5,259.7,15.1,11.5
206,karnataka,bidar,0.0,0.0,35.4,1.5,10.6,212.0,75.9,221.8,132.1,136.8,29.0,0.0
207,karnataka,bijapur_kr,0.0,0.0,26.0,34.6,206.6,12.3,26.1,146.8,235.0,180.5,35.0,21.6
208,karnataka,chamarajanagar,0.0,0.0,26.0,34.6,206.6,12.3,26.1,146.8,235.0,180.5,35.0,21.6
209,karnataka,chikaballapur,0.6,0.0,45.2,44.9,147.2,44.1,32.8,100.1,231.3,284.9,23.7,4.0
210,karnataka,chikkmagaluru,0.1,0.0,20.9,26.0,128.8,279.8,352.3,357.8,209.1,112.4,18.0,0.7
211,karnataka,chitradurga,0.0,0.0,1.1,11.3,41.1,35.1,47.2,68.0,183.0,194.3,1.8,0.1
212,karnataka,dakshina kannada,4.2,0.0,6.6,23.8,151.1,843.9,737.3,737.9,343.6,194.9,37.6,9.5
213,karnataka,davangere,0.0,0.0,2.0,11.2,76.4,53.0,71.6,99.6,233.0,193.6,1.0,0.0
214,karnataka,dharwad,0.0,0.0,4.0,10.3,78.0,58.1,109.8,43.7,182.1,87.6,7.0,0.1
215,karnataka,gadag,0.0,0.0,2.6,5.7,73.0,34.3,41.7,74.4,194.1,121.6,8.7,2.1
216,karnataka,hassan,8.0,0.0,18.4,51.1,154.0,80.7,103.2,139.6,218.4,108.3,13.7,8.9
217,karnataka,haveri,0.0,0.0,1.4,43.7,73.0,54.6,124.3,70.3,217.0,169.4,4.5,0.0
218,karnataka,kalaburgi,0.0,0.0,16.6,9.2,25.7,229.5,57.5,137.7,191.7,148.1,0.3,0.0
219,karnataka,kodagu,57.5,0.0,13.5,91.5,176.7,402.4,523.7,556.1,340.4,90.2,12.3,23.8
220,karnataka,kolar,11.0,0.0,24.9,32.6,136.8,93.9,37.3,137.2,276.5,365.7,44.0,8.4
221,karnataka,koppal,0.0,0.0,26.3,13.3,37.0,134.7,38.0,124.4,234.1,165.7,0.0,0.0
222,karnataka,mandya,2.9,0.0,24.7,71.5,235.4,27.0,25.7,161.4,317.7,158.0,18.1,16.2
223,karnataka,mysuru,8.8,0.0,20.2,91.8,216.8,44.2,62.0,155.3,285.0,106.8,3.6,29.4
224,karnataka,raichur,0.0,0.0,17.3,1.7,31.7,89.7,18.2,144.0,264.6,200.3,0.0,0.0
225,karnataka,ramanagara,1.9,0.0,30.3,39.0,283.9,32.5,23.9,212.8,405.0,229.4,24.7,13.0
226,karnataka,shivamogga,0.3,0.0,5.3,10.6,107.7,355.0,418.4,303.5,176.7,80.5,14.0,0.7
227,karnataka,tumakuru,4.2,0.0,9.2,22.4,134.2,40.5,33.0,90.7,237.7,235.2,11.9,1.2
228,karnataka,udupi,0.0,0.0,0.0,4.5,159.1,1192.4,1150.2,864.6,379.9,301.5,27.5,14.0
229,karnataka,uttara kannada,0.0,0.0,1.4,4.5,108.1,699.3,743.6,488.6,281.6,140.8,8.0,3.8
230,karnataka,yadgir,0.0,0.0,1.7,5.3,14.0,163.7,32.6,119.0,213.4,173.4,0.0,0.0
231,assam,karup metro,0.0,0.0,16.5,51.5,124.3,139.5,359.4,344.6,202.9,228.4,0.0,0.7
232,bihar,katihar,0.0,0.0,16.5,51.5,124.3,139.5,359.4,344.6,202.9,228.4,0.0,0.7
233,kerala,alapuzha,29.9,0.9,86.2,40.3,287.9,544.7,280.4,323.5,438.5,226.2,195.2,63.5
234,kerala,cannur,11.5,0.0,6.1,48.2,181.2,694.3,623.6,553.0,430.4,170.9,69.4,5.9
235,kerala,ernakulam,16.8,0.0,97.9,31.4,306.0,706.3,435.4,415.8,445.3,293.0,217.8,28.1
236,kerala,idukki,12.8,1.1,122.2,71.1,210.0,517.9,293.4,713.1,534.5,285.3,117.1,91.0
237,kerala,kasargod,18.1,0.0,0.0,15.5,71.8,858.7,752.8,702.8,331.4,126.2,39.5,14.4
238,kerala,kollam,21.5,1.3,147.6,137.7,356.8,532.5,128.5,282.4,412.2,322.5,369.0,258.5
239,kerala,kottayam,27.8,0.2,128.3,58.2,315.9,654.0,342.3,450.3,482.4,287.3,267.4,79.1
240,kerala,kozhikode,7.7,0.1,21.3,68.1,251.8,822.5,662.9,544.6,491.6,216.2,46.1,9.1
241,kerala,malappuram,4.0,0.0,29.4,26.6,122.9,568.8,427.0,459.7,472.7,211.1,95.6,37.1
242,kerala,palakkad,0.0,0.0,83.1,28.3,139.5,433.2,317.2,398.0,375.6,102.8,35.2,38.9
243,kerala,pathanamthitta,30.9,0.0,314.5,100.0,260.1,553.7,204.8,454.3,541.2,427.0,389.3,76.0
244,kerala,thiruvananthapuram,5.0,0.0,85.0,54.2,228.3,318.8,52.9,123.0,269.3,241.4,274.7,151.2
245,kerala,thrissur,1.4,0.0,43.6,12.9,175.7,674.8,419.3,427.2,354.7,188.0,113.0,15.5
246,kerala,wayanad,14.5,0.0,49.7,60.9,182.8,343.2,419.6,435.0,454.2,118.5,37.5,9.1
247,bihar,khagaria,0.0,0.0,4.3,29.1,51.7,132.4,331.7,179.4,103.9,100.7,0.0,0.0
248,telangana,khammam,0.0,0.0,16.1,0.8,58.4,258.0,231.9,275.9,115.0,72.0,0.7,0.0
249,bihar,kishanganj,0.0,0.0,66.3,6.3,200.2,170.8,623.0,1000.9,242.8,74.0,0.0,0.0
250,assam,kokrajhar,0.0,0.2,89.9,412.2,374.6,505.7,586.9,1196.4,661.0,312.3,0.2,0.0
251,andhra pradesh,krishna,0.0,0.0,8.4,0.4,25.1,176.6,217.6,210.4,101.4,111.2,15.6,1.0
252,andhra pradesh,kurnool,0.0,0.0,13.9,8.9,24.8,109.2,57.8,176.3,176.5,175.4,1.1,0.0
253,arunachal pradesh,kurung kumey,6.5,44.9,76.0,347.6,359.9,505.9,931.5,420.0,518.6,345.2,17.7,0.3
254,assam,lakhimpur,6.5,44.9,76.0,347.6,359.9,505.9,931.5,420.0,518.6,345.2,17.7,0.3
255,bihar,lakhisarai,0.0,0.0,0.0,0.0,29.1,92.7,296.4,224.4,114.2,130.9,0.0,0.0
256,lakshadweep,lakshadweep,21.3,0.9,100.2,1.8,145.7,521.9,164.2,206.2,216.0,137.1,63.5,160.1
257,arunachal pradesh,lohit,3.0,121.2,234.9,351.7,344.0,424.0,463.4,510.6,248.1,261.9,9.3,0.0
258,arunachal pradesh,lower  dibang valley,22.8,124.2,363.6,860.1,569.1,865.8,727.8,1388.1,330.2,320.5,6.2,5.4
259,arunachal pradesh,lower subansiri,0.0,0.0,59.5,28.2,128.5,143.6,408.2,246.9,120.5,61.7,0.0,0.0
260,bihar,madhepura,0.0,0.0,59.5,28.2,128.5,143.6,408.2,246.9,120.5,61.7,0.0,0.0
261,bihar,madhubani,0.3,0.0,27.5,53.7,126.3,98.6,416.2,471.0,132.9,7.2,0.0,0.0
262,madhya pradesh,agar-malwa,0.3,0.0,0.0,0.0,0.1,107.9,309.9,201.8,195.0,0.0,0.0,0.5
263,madhya pradesh,alirapur,0.0,0.0,0.0,0.0,0.0,144.4,357.7,193.9,62.8,12.8,0.0,15.7
264,madhya pradesh,anuppur,1.2,12.6,2.0,0.0,2.1,169.5,236.8,357.2,129.3,24.2,0.0,0.0
265,madhya pradesh,ashoknagar,1.8,0.0,6.3,0.0,34.5,182.0,194.0,153.5,277.3,0.0,0.0,0.0
266,madhya pradesh,balaghat,7.7,2.8,0.9,0.0,7.3,105.8,290.4,263.6,187.5,49.4,0.0,0.0
267,madhya pradesh,barwani,0.0,0.0,0.0,0.0,0.0,124.2,234.6,152.8,110.3,12.9,0.0,11.0
268,madhya pradesh,betul,1.2,5.9,0.6,0.0,0.0,122.1,293.5,133.0,180.1,71.4,0.2,0.0
269,madhya pradesh,bhind,27.9,0.0,0.5,0.0,10.7,69.4,184.4,89.9,102.2,0.0,0.0,7.8
270,madhya pradesh,bhopal,3.4,2.8,1.0,0.0,17.6,102.9,334.5,126.2,217.4,0.0,0.0,0.2
271,madhya pradesh,burhanpur,3.1,1.7,0.0,0.0,0.0,150.6,244.2,203.7,252.3,55.8,0.0,0.0
272,madhya pradesh,chhatarpur,0.3,1.4,1.0,0.0,4.7,83.9,329.5,133.3,122.7,0.0,0.0,0.0
273,madhya pradesh,chhindwara,9.0,5.6,0.0,0.0,23.0,130.4,246.3,197.5,196.1,67.3,7.8,0.0
274,madhya pradesh,damoh,2.5,6.5,2.5,0.0,6.0,136.0,341.8,74.0,156.5,1.0,0.0,0.0
275,madhya pradesh,datia,26.8,0.0,1.1,0.0,27.1,101.1,230.9,96.6,101.3,0.0,0.0,1.0
276,madhya pradesh,dewas,0.7,0.0,0.0,0.0,6.0,147.7,244.0,198.3,207.8,5.7,0.0,0.0
277,madhya pradesh,dhar,0.1,0.0,0.0,0.0,3.6,140.7,238.0,221.3,141.6,12.6,0.0,3.9
278,madhya pradesh,dindori,8.0,4.0,0.0,0.0,0.0,106.5,376.5,254.7,109.5,55.6,0.0,0.0
279,madhya pradesh,guna,6.0,7.7,9.7,0.0,5.0,126.4,372.1,125.8,154.2,1.0,0.0,0.5
280,madhya pradesh,gwalior,30.1,0.0,5.0,0.1,19.0,74.9,109.3,305.7,82.2,0.0,0.0,5.5
281,madhya pradesh,harda,0.0,6.0,0.0,0.0,0.0,95.8,301.1,111.1,152.0,9.9,0.0,0.0
282,madhya pradesh,hoshangabad,1.7,8.8,0.0,0.0,9.1,82.4,474.2,294.7,160.0,13.1,0.0,0.0
283,madhya pradesh,indore,0.0,0.0,0.0,0.0,1.7,142.1,270.2,220.5,140.9,0.9,0.0,0.7
284,madhya pradesh,jabalpur,8.2,20.2,3.8,0.0,21.9,127.1,364.9,206.9,139.3,10.2,0.0,0.0
285,madhya pradesh,jhabua,0.0,0.0,0.0,0.0,0.5,114.8,424.9,145.3,153.0,3.4,0.0,3.7
286,madhya pradesh,katni,6.0,3.0,5.0,0.0,9.3,120.3,669.3,178.4,122.5,2.0,0.0,0.0
287,madhya pradesh,khandwa,0.0,0.0,0.0,0.0,1.7,148.7,351.5,256.3,186.3,33.3,0.0,0.0
288,madhya pradesh,khargone,0.0,0.0,0.0,0.2,0.0,102.3,274.5,207.1,136.3,54.9,0.0,0.3
289,madhya pradesh,mandla,3.0,6.8,0.3,0.0,13.0,143.2,370.5,191.9,199.7,15.7,0.0,0.0
290,madhya pradesh,mandsaur,0.5,0.0,0.0,0.0,5.3,89.7,362.5,129.6,80.7,0.0,0.0,0.5
291,madhya pradesh,morena,20.3,0.0,6.6,0.0,10.8,69.3,164.3,140.3,72.1,0.0,0.0,9.0
292,madhya pradesh,narsinghpur,0.6,13.6,0.2,0.0,14.2,113.0,296.6,132.6,186.0,20.2,0.0,0.0
293,madhya pradesh,neemuch,1.3,0.0,0.7,0.0,0.0,121.8,386.2,182.3,107.0,0.0,0.0,1.7
294,madhya pradesh,panna,1.0,3.8,0.0,0.0,10.6,50.1,478.8,226.1,87.0,0.0,0.0,0.0
295,madhya pradesh,raisen,2.8,10.0,0.9,0.0,11.4,181.6,384.3,132.8,183.7,11.9,8.0,0.0
296,madhya pradesh,rajgarh,0.0,0.4,0.4,0.0,6.8,114.8,430.7,161.8,119.7,5.4,0.0,0.6
297,madhya pradesh,ratlam,0.0,0.0,0.0,0.0,2.4,114.6,418.1,319.7,119.3,1.7,0.0,2.0
298,madhya pradesh,rewa,4.6,4.2,0.0,0.0,3.1,131.0,551.2,126.1,71.4,0.0,0.0,0.0
299,madhya pradesh,sagar,0.8,11.6,1.1,0.0,11.1,149.8,353.0,126.1,219.3,11.3,0.0,0.0
300,madhya pradesh,satna,2.4,3.2,3.2,0.0,1.5,102.8,422.6,132.6,71.0,3.9,0.0,0.0
301,madhya pradesh,sehore,1.7,1.6,0.0,0.0,5.1,162.9,321.0,218.7,189.8,4.6,0.0,0.0
302,madhya pradesh,seoni,6.5,9.5,0.0,0.0,19.5,177.5,329.2,167.6,173.0,24.2,0.3,0.0
303,madhya pradesh,shahdol,6.0,7.0,6.0,0.0,1.0,101.2,167.3,360.8,69.2,25.0,0.0,0.0
304,madhya pradesh,shajapur,0.0,0.0,0.0,0.0,3.2,147.5,236.0,90.8,174.7,9.0,1.3,0.7
305,madhya pradesh,sheopur,5.8,0.0,10.6,0.0,8.5,60.0,145.5,157.0,42.1,0.0,0.0,6.5
306,madhya pradesh,shivpuri,19.5,0.0,1.3,0.0,3.3,87.4,144.0,95.9,170.0,0.0,0.0,1.8
307,madhya pradesh,sidhi,8.2,2.0,1.4,0.0,8.4,62.2,439.4,153.4,67.4,5.6,0.0,0.0
308,madhya pradesh,singrauli,6.0,7.3,7.5,0.0,24.0,97.7,368.8,126.0,218.0,11.6,0.0,0.0
309,madhya pradesh,tikamgarh,1.5,3.0,9.5,0.0,0.5,148.5,213.5,106.0,116.5,0.0,0.0,0.0
310,madhya pradesh,ujjain,0.0,0.0,0.0,4.0,26.2,102.0,323.1,203.1,146.3,5.4,0.0,4.0
311,madhya pradesh,umaria,10.5,10.2,3.4,0.0,42.4,91.4,357.6,140.3,67.8,5.0,0.0,0.0
312,madhya pradesh,vidisha,0.2,3.9,0.0,0.0,8.4,154.8,335.6,110.2,191.6,7.2,0.0,0.0
313,maharashtra,ahmednagar,0.0,0.0,0.0,0.0,8.9,177.0,80.5,225.2,190.5,111.6,0.4,0.3
314,maharashtra,akola,0.0,0.0,0.1,0.0,0.0,125.2,168.0,156.2,98.7,86.5,0.0,0.0
315,maharashtra,amraoti,0.0,0.0,0.0,0.0,3.2,103.1,190.3,150.2,109.1,58.7,2.3,0.0
316,maharashtra,aurangabad_mh,0.0,0.0,0.0,0.0,1.3,137.6,79.8,157.2,176.9,105.3,0.4,0.2
317,maharashtra,beed,0.0,0.0,5.7,0.0,2.9,169.1,76.7,237.0,154.6,112.0,0.0,12.7
318,maharashtra,bhandara,0.6,0.0,10.1,0.0,13.6,111.5,304.2,293.7,117.0,51.5,0.0,0.0
319,maharashtra,buldhana,0.3,0.0,1.2,0.0,0.0,179.3,144.9,155.9,176.6,56.8,0.4,0.0
320,maharashtra,chandrapur,0.0,0.0,23.5,0.0,15.5,133.0,308.1,183.9,143.4,50.1,0.0,0.0
321,maharashtra,dhule,0.0,0.0,0.0,0.0,0.0,108.3,135.8,162.9,105.6,76.0,0.0,14.3
322,maharashtra,gadchiroli,0.0,0.0,15.4,0.0,4.8,136.1,467.4,259.9,152.4,67.7,0.0,0.0
323,maharashtra,gondia,2.1,0.5,6.3,0.0,18.2,108.3,333.4,240.9,97.6,48.9,0.0,0.0
324,maharashtra,hingoli,0.0,0.0,0.0,0.0,2.8,231.0,99.4,220.2,62.4,71.4,0.0,0.0
325,maharashtra,jalgaon,0.0,0.0,0.0,0.0,13.0,118.3,158.6,149.9,121.5,44.7,5.6,0.1
326,maharashtra,jalna,0.0,0.0,0.0,0.0,2.8,154.7,61.0,199.2,168.3,98.9,0.0,0.0
327,maharashtra,kolhapur,0.6,0.0,0.0,0.1,60.1,310.6,613.5,210.3,358.0,166.2,5.4,2.4
328,maharashtra,latur,0.0,0.0,10.7,0.0,4.7,207.3,86.8,311.6,157.7,95.5,0.0,0.0
329,maharashtra,mumbai city,0.0,0.0,0.0,0.0,0.0,559.0,523.6,651.8,519.0,96.0,0.0,104.8
330,maharashtra,mumbai suburban,0.0,0.0,0.0,0.0,3.5,523.2,869.6,950.3,603.2,83.6,0.0,75.8
331,maharashtra,nagpur,0.6,0.0,1.2,0.0,16.4,140.3,236.2,345.4,168.8,41.7,0.0,0.0
332,maharashtra,nanded,0.0,0.0,6.2,0.0,5.9,182.6,123.2,253.8,75.1,65.0,0.0,0.0
333,maharashtra,nandurbar,0.0,0.0,0.0,0.0,0.0,141.8,339.2,153.5,99.8,35.7,0.0,26.8
334,maharashtra,nashik,0.0,0.0,0.0,0.0,12.9,221.0,580.8,260.8,134.6,121.1,2.0,14.4
335,maharashtra,osmanabad,0.0,0.0,12.4,0.0,5.2,259.2,52.8,237.2,232.9,155.8,20.0,4.8
336,maharashtra,palghar,0.0,0.0,0.0,0.0,0.8,715.7,1238.7,698.1,371.5,120.3,0.0,60.8
337,maharashtra,parbhani,0.0,0.0,1.9,0.0,0.0,152.8,72.6,242.9,127.0,94.0,0.0,0.0
338,maharashtra,pune,0.0,0.0,0.0,0.0,24.6,289.1,512.5,290.2,211.0,116.0,13.9,0.7
339,maharashtra,raigarh_mh,0.0,0.0,0.0,0.0,22.2,920.0,1256.8,903.7,571.9,158.2,0.4,29.3
340,maharashtra,ratnagiri,0.0,0.0,0.0,0.0,93.6,948.0,1094.0,688.1,704.7,155.2,2.1,0.0
341,maharashtra,sangli,0.0,0.0,0.0,4.6,25.5,82.7,93.6,52.5,219.3,129.2,7.0,0.0
342,maharashtra,satara,0.0,0.0,0.0,4.3,38.7,142.3,293.2,126.3,273.5,123.2,10.6,0.0
343,maharashtra,sholapur,0.0,0.0,3.4,0.1,6.3,211.4,24.9,159.0,194.9,160.7,2.4,0.0
344,maharashtra,sindhudurg,0.0,0.0,0.0,0.0,84.7,858.6,914.3,557.2,585.2,183.7,0.0,0.0
345,maharashtra,thane,0.0,0.0,0.0,0.0,1.3,681.4,1153.8,950.5,458.1,182.5,0.0,0.0
346,maharashtra,wardha,0.0,0.0,0.3,0.0,8.1,211.2,219.0,162.5,165.0,46.8,0.0,0.0
347,maharashtra,washim,0.0,0.0,1.3,0.0,0.0,207.2,178.2,109.8,97.2,84.6,0.0,0.0
348,maharashtra,yeotmal,0.0,0.0,0.0,0.0,4.4,178.8,150.1,132.8,100.5,52.2,0.0,0.0
349,telangana,mahbubnagar,0.0,0.0,8.2,6.2,23.4,155.1,85.3,124.1,144.5,162.9,0.6,0.0
350,manipur,bishnupur,7.2,0.0,14.0,209.0,150.9,275.2,358.2,124.3,301.7,234.9,3.6,0.0
351,manipur,chandel,7.2,0.0,14.0,209.0,150.9,275.2,358.2,124.3,301.7,234.9,3.6,0.0
352,manipur,churachandpur,7.2,0.0,14.0,209.0,150.9,275.2,358.2,124.3,301.7,234.9,3.6,0.0
353,manipur,imphal,7.2,20.1,212.2,209.0,150.9,275.2,358.2,124.3,301.7,234.9,3.6,0.0
354,manipur,imphal east,7.2,20.1,212.2,209.0,150.9,275.2,358.2,124.3,301.7,234.9,3.6,0.0
355,manipur,imphal west,0.0,13.6,178.2,479.7,189.6,546.9,690.3,803.3,510.5,382.6,2.0,0.0
356,manipur,senapati,0.0,49.0,117.0,138.0,73.0,75.0,95.0,259.0,308.0,101.9,0.0,0.0
357,manipur,tamenglong,0.0,11.0,111.0,92.0,73.0,53.0,49.0,97.0,316.0,101.9,0.0,0.0
358,manipur,thoubal,0.0,11.0,111.0,92.0,73.0,53.0,49.0,97.0,316.0,101.9,0.0,0.0
359,manipur,ukhrul,0.0,0.0,13.3,0.0,4.9,202.5,147.0,214.6,68.1,101.9,0.0,0.0
360,telangana,medak,0.0,0.0,13.3,0.0,4.9,202.5,147.0,214.6,68.1,101.9,0.0,0.0
361,meghalaya,east garo hills,0.0,3.3,187.3,638.5,697.6,602.6,864.4,1173.7,753.6,425.2,16.0,0.0
362,meghalaya,east khasi hills,0.6,214.4,313.4,887.4,395.9,1537.9,1433.0,1523.6,854.0,471.9,11.8,0.0
363,meghalaya,jaintia hills,8.0,0.0,76.1,93.5,433.0,2015.0,157.1,1612.0,167.3,142.6,26.1,0.0
364,meghalaya,ri-bhoi,12.5,0.9,76.1,93.5,122.5,219.9,157.1,326.5,167.3,142.6,26.1,0.0
365,meghalaya,south garo hills,4.0,2.0,249.0,185.0,76.0,342.5,268.8,298.2,386.0,198.2,0.0,0.0
366,meghalaya,west garo hills,1.0,0.0,96.7,289.8,275.2,342.5,268.8,298.2,386.0,198.2,0.0,0.0
367,meghalaya,west khasi hills,2.0,7.0,13.0,389.5,252.9,616.3,352.0,527.7,230.4,338.3,8.9,0.0
368,mizoram,aizwal,1.0,15.4,109.9,389.5,252.9,616.3,352.0,527.7,230.4,338.3,8.9,0.0
369,mizoram,champhai,0.0,0.0,109.5,237.8,149.0,1036.0,1102.0,1496.0,642.5,199.1,7.1,0.0
370,mizoram,kolasib,0.0,0.0,109.5,237.8,149.0,1036.0,1102.0,1496.0,642.5,199.1,7.1,0.0
371,mizoram,lawngtlai,0.0,0.0,109.5,237.8,149.0,1036.0,1102.0,1496.0,642.5,199.1,7.1,0.0
372,mizoram,lunglei,0.0,0.0,109.5,237.8,149.0,1036.0,1102.0,1496.0,642.5,199.1,7.1,0.0
373,mizoram,mamit,0.0,0.0,44.0,121.0,47.0,154.0,346.8,823.2,583.1,393.8,41.4,0.0
374,mizoram,saiha,0.0,0.0,44.0,121.0,47.0,154.0,346.8,823.2,583.1,393.8,41.4,0.0
375,mizoram,serchhip,0.0,0.0,104.4,334.2,147.8,715.3,346.8,823.2,583.1,393.8,41.4,0.0
376,bihar,monghyr,0.0,0.0,0.0,0.0,77.9,52.4,305.6,147.0,215.5,119.0,0.0,0.0
377,assam,morigaon,0.0,6.6,24.6,220.4,170.8,246.0,231.0,370.8,105.0,145.4,20.2,0.0
378,bihar,muzaffarpur,0.1,0.0,13.7,5.3,100.3,67.9,375.4,225.4,80.9,1.5,0.0,0.0
379,nagaland,dimapur,0.4,0.4,90.7,226.0,111.7,345.5,470.7,492.5,233.9,128.8,16.4,6.7
380,nagaland,kephire,0.0,0.0,87.0,119.8,43.2,215.0,164.8,134.0,328.8,178.6,5.4,6.7
381,nagaland,kohima,1.6,0.5,99.2,127.4,201.7,308.2,475.0,242.5,328.8,178.6,5.4,6.7
382,nagaland,longleng,2.0,0.9,115.2,184.2,284.8,307.2,425.0,442.5,320.6,187.2,8.0,6.7
383,nagaland,mokokchung,2.0,0.9,115.2,184.2,284.8,307.2,425.0,442.5,320.6,187.2,8.0,6.7
384,nagaland,mon,2.0,0.9,115.2,184.2,284.8,307.2,425.0,442.5,320.6,187.2,8.0,6.7
385,nagaland,paren,5.5,0.9,83.0,110.7,77.0,250.9,158.0,266.7,181.0,187.2,10.0,6.7
386,nagaland,phek,5.5,0.9,83.0,110.7,77.0,250.9,158.0,266.7,181.0,187.2,10.0,6.7
387,nagaland,tuensang,0.0,2.0,94.0,227.0,198.0,193.0,137.0,35.0,53.0,110.4,19.5,6.7
388,nagaland,wokha,0.0,2.0,94.0,227.0,198.0,193.0,137.0,35.0,53.0,110.4,19.5,6.7
389,nagaland,zunheboto,0.0,12.7,58.4,155.7,205.1,210.4,208.5,274.7,180.6,110.4,19.5,6.7
390,assam,nagaon,0.0,12.7,58.4,155.7,205.1,210.4,208.5,274.7,180.6,110.4,19.5,6.7
391,bihar,nalanda,0.0,0.0,2.1,0.0,19.9,34.1,356.1,183.1,93.5,11.9,0.0,0.0
392,telangana,nalgonda,0.0,0.0,0.6,7.3,12.1,146.0,96.3,131.1,154.0,106.3,0.6,0.0
393,assam,nambari,4.6,31.5,65.9,308.4,218.6,392.8,306.0,255.3,342.0,131.4,14.0,0.0
394,bihar,nawada,0.0,0.0,2.0,0.0,13.2,28.5,332.4,213.9,53.7,28.9,0.0,0.0
395,andhra pradesh,nellore,6.6,0.0,4.8,3.6,21.3,91.2,73.0,196.8,169.0,178.1,224.1,7.7
396,andaman and nicobar islands,nicobar,643.1,20.1,69.7,144.2,344.2,199.5,170.2,253.2,290.5,233.7,277.2,488.4
397,telangana,nizamabad,0.0,0.0,9.7,0.1,9.8,204.9,154.2,264.7,67.9,118.1,1.5,23.2
398,assam,n c hills,0.0,43.2,127.9,354.7,254.7,360.5,236.8,292.0,356.9,344.1,28.5,23.2
399,odisha,angul,6.7,0.0,20.8,1.2,43.4,198.3,218.1,197.4,159.3,126.3,17.9,0.4
400,odisha,balasore,0.0,0.0,114.7,28.5,180.1,148.1,350.4,247.4,221.0,251.5,50.5,0.4
401,odisha,bargarh,4.9,0.0,10.5,0.0,13.6,249.1,254.2,239.3,117.3,59.7,1.3,0.4
402,odisha,bhadrak,0.0,0.0,44.1,7.3,37.0,169.3,269.3,229.9,140.7,251.7,54.6,0.4
403,odisha,bolangir,0.6,0.0,3.2,1.1,6.3,182.6,238.3,218.6,140.1,70.4,1.1,0.4
404,odisha,boudhgarh,0.0,0.0,3.7,0.0,1.3,304.6,282.0,191.4,202.2,152.9,16.0,0.4
405,odisha,cuttack,0.0,0.0,45.9,1.1,13.2,125.7,408.0,312.8,253.7,219.2,58.4,0.4
406,odisha,deogarh,0.3,0.0,44.1,0.3,60.6,276.6,446.1,382.4,224.2,54.5,12.5,0.4
407,odisha,dhenkanal,0.0,0.0,29.5,7.5,70.2,147.0,210.9,245.8,216.7,181.0,48.1,0.4
408,odisha,gajapati,0.0,0.0,76.5,32.5,129.3,209.3,269.9,296.4,146.4,198.1,73.1,0.4
409,odisha,ganjam,0.0,0.0,64.6,32.0,52.5,223.1,288.7,251.5,185.7,192.4,71.8,0.4
410,odisha,jagatsinghpur,0.0,0.0,61.3,2.9,84.8,187.7,226.7,275.6,121.9,267.6,79.5,0.4
411,odisha,jajpur,0.0,0.0,61.3,2.9,84.8,187.7,226.7,275.6,121.9,267.6,79.5,0.4
412,odisha,jharsuguda,10.7,0.0,6.0,2.0,63.5,209.4,413.6,300.0,236.1,90.7,0.1,0.4
413,odisha,kalahandi,0.0,0.0,22.0,2.1,21.2,191.4,466.7,349.6,184.3,119.6,1.0,0.4
414,odisha,kandhamal,0.0,0.0,25.0,1.6,38.7,221.4,195.0,253.4,209.5,203.5,35.6,0.4
415,odisha,kendrapara,0.0,0.0,78.7,1.0,32.9,145.1,322.9,370.9,152.8,244.5,129.1,0.4
416,odisha,keonjhargarh,1.8,0.0,36.7,14.9,132.4,183.4,349.6,266.5,188.5,179.0,24.9,0.4
417,odisha,khurda,3.4,0.0,40.3,11.4,19.0,155.2,338.8,245.0,231.3,240.3,63.9,0.4
418,odisha,koraput,0.0,0.0,8.8,15.3,70.6,225.4,417.8,397.4,191.0,231.8,8.5,0.4
419,odisha,malkangiri,0.0,0.0,6.4,8.0,32.6,294.8,514.0,718.0,407.0,120.0,0.0,0.4
420,odisha,mayurbhanj,1.4,0.0,49.8,20.6,131.1,173.4,372.9,313.8,180.9,220.1,39.3,0.4
421,odisha,nawapara,1.4,0.0,49.8,20.6,131.1,173.4,372.9,313.8,180.9,220.1,39.3,0.4
422,odisha,nawarangpur,0.0,0.0,10.4,15.1,51.1,246.3,440.0,424.2,177.6,100.7,2.2,0.4
423,odisha,nayagarh,0.0,0.0,55.8,9.5,25.9,127.3,320.1,242.7,183.7,175.1,53.3,0.4
424,odisha,puri,0.0,0.0,22.1,7.8,12.3,176.0,351.1,308.7,199.3,320.2,107.0,0.4
425,odisha,rayagada,0.0,0.0,39.7,5.3,67.2,223.9,375.0,296.1,187.9,191.7,32.7,0.4
426,odisha,sambalpur,15.5,0.0,15.7,0.8,41.3,307.9,411.7,267.2,176.5,55.1,8.4,0.4
427,odisha,sonepur,0.0,0.0,2.1,0.0,5.4,264.2,315.7,192.4,156.7,124.2,3.6,0.4
428,odisha,sundargarh,2.0,0.0,1.5,3.0,53.6,225.9,521.5,268.2,176.6,66.8,3.3,0.4
429,arunachal pradesh,papumpara,3.1,54.7,85.1,337.6,370.7,654.4,931.6,475.6,390.9,324.2,15.5,0.4
430,bihar,patna,0.0,0.0,8.3,9.0,35.7,68.4,299.2,181.1,109.4,19.4,0.0,0.0
431,andhra pradesh,prakasham,0.3,0.0,8.6,14.9,31.1,90.0,73.3,180.0,117.4,88.8,10.8,0.0
432,puducherry,karaikal,180.1,0.0,186.0,0.0,19.3,52.8,22.5,62.6,100.1,247.6,674.2,0.0
433,puducherry,mahe,105.9,0.0,8.3,0.0,1.6,59.8,135.3,193.4,84.8,262.4,437.0,0.0
434,puducherry,puducherry,105.9,0.0,8.3,0.0,1.6,59.8,135.3,193.4,84.8,262.4,437.0,0.0
435,puducherry,yanam,43.3,1.4,17.3,23.0,26.8,139.0,187.8,112.2,20.3,0.0,1.4,0.0
436,punjab,amritsar,43.3,1.4,17.3,23.0,26.8,139.0,187.8,112.2,20.3,0.0,1.4,0.0
437,punjab,barnala,21.0,0.0,9.0,10.0,0.0,172.0,15.0,42.3,47.0,0.0,10.0,0.0
438,punjab,bhatinda,11.6,0.0,2.7,9.7,1.3,141.8,32.5,101.7,34.8,0.0,13.0,0.0
439,punjab,faridkot,13.5,0.0,0.0,29.7,0.0,132.2,28.6,12.2,100.6,0.0,7.1,0.0
440,punjab,fatehgarh sahib,76.0,0.0,18.0,4.7,8.8,66.4,134.9,65.2,153.3,0.0,0.0,0.0
441,punjab,ferozepur,9.0,0.2,5.8,6.6,2.6,27.2,12.3,8.0,12.3,0.0,2.8,0.0
442,punjab,gurdaspur,104.9,10.2,33.5,22.3,22.8,138.9,307.4,428.7,134.3,0.0,0.9,0.0
443,punjab,hoshiarpur,50.9,13.4,9.0,9.1,14.7,77.7,155.7,130.6,43.5,0.0,0.9,0.0
444,punjab,jalandhar,31.0,3.3,22.1,17.7,25.7,87.1,76.2,161.5,18.5,0.0,6.1,0.0
445,punjab,kapurthala,26.9,1.0,22.8,7.1,45.2,184.4,202.1,194.0,26.7,0.0,12.3,0.0
446,punjab,ludhiana,36.1,3.1,26.9,10.7,12.2,106.8,92.1,153.4,111.0,0.0,6.9,0.0
447,punjab,mansa,26.3,0.0,0.0,1.0,0.0,86.3,53.0,56.2,25.2,0.0,11.6,0.0
448,punjab,moga,16.4,0.0,9.0,9.3,0.0,166.2,44.8,124.0,141.6,0.0,17.2,0.0
449,punjab,muktsar,5.3,0.0,12.4,6.2,1.3,179.7,15.2,33.2,57.9,0.0,7.6,0.0
450,punjab,nawanshahar,92.2,1.7,29.4,20.3,56.0,122.4,247.4,258.8,165.3,0.0,2.6,0.0
451,punjab,patiala,58.4,0.9,20.3,13.5,3.2,87.7,80.5,147.0,120.1,0.0,0.3,0.0
452,punjab,ropar,127.4,4.9,23.3,26.0,32.0,140.6,165.1,353.9,146.0,0.0,0.0,0.0
453,punjab,sangrur,41.0,2.8,14.1,8.6,8.9,76.8,44.9,54.4,33.5,0.0,4.3,0.0
454,punjab,sas nagar mohali,121.0,0.0,19.0,13.0,1.0,110.1,77.0,183.8,123.0,0.0,0.0,0.0
455,punjab,tarn taran,51.0,5.0,3.5,3.5,15.0,72.0,54.0,46.0,0.0,0.0,5.0,0.0
456,bihar,purnea,4.9,0.0,75.9,120.1,221.5,112.4,404.6,529.4,152.7,147.0,0.0,0.0
457,rajasthan,ajmer,8.5,0.0,8.8,0.4,34.1,128.9,190.5,138.9,28.4,0.0,0.0,0.0
458,rajasthan,alwar,22.8,0.0,8.9,0.6,29.2,69.1,98.0,101.6,31.6,0.0,0.0,0.0
459,rajasthan,banswara,0.0,0.0,0.0,0.0,7.4,99.9,462.3,222.9,107.1,0.0,0.0,0.0
460,rajasthan,baran,2.6,0.0,6.5,0.0,3.1,54.0,229.1,152.5,96.1,0.0,2.3,0.0
461,rajasthan,barmer,2.6,0.0,0.1,1.8,11.7,63.6,351.0,34.6,16.7,0.0,0.0,0.0
462,rajasthan,bharatpur,21.4,0.0,8.6,0.0,16.7,71.3,120.0,90.8,39.5,0.0,0.0,0.0
463,rajasthan,bhilwara,5.3,0.0,18.7,0.0,21.1,99.1,265.6,152.4,41.8,0.0,0.0,0.0
464,rajasthan,bikaner,0.2,1.4,0.0,6.7,24.9,87.3,46.7,41.8,36.6,0.0,1.3,0.0
465,rajasthan,bundi,4.7,0.0,11.0,0.0,11.8,92.0,146.2,188.0,25.7,0.0,0.0,0.0
466,rajasthan,chittorgarh,4.5,0.0,6.8,4.4,14.0,80.6,419.0,134.7,53.8,0.0,0.0,0.0
467,rajasthan,churu,20.7,0.0,0.5,3.7,45.8,77.5,106.5,67.6,28.3,0.0,4.2,0.0
468,rajasthan,dausa,14.6,0.0,10.0,0.0,24.0,82.8,96.0,109.0,35.6,0.0,0.0,0.0
469,rajasthan,dholpur,14.3,0.0,17.9,0.8,7.0,46.8,105.8,145.8,46.0,0.0,0.0,0.0
470,rajasthan,dungarpur,0.0,0.0,0.0,0.0,0.3,79.1,433.8,227.3,85.0,0.0,0.0,0.0
471,rajasthan,hanumangarh,7.0,0.0,0.0,2.4,18.1,85.3,52.9,35.3,37.1,0.0,0.0,0.0
472,rajasthan,jaipur,20.9,0.0,5.0,0.4,11.4,89.5,126.4,99.6,27.3,0.0,0.0,0.0
473,rajasthan,jaisalmer,3.1,0.0,10.2,4.7,26.5,44.7,160.1,20.5,0.7,0.0,0.0,0.0
474,rajasthan,jalore,4.8,0.0,0.0,0.0,13.7,83.4,757.4,38.1,14.0,0.0,0.0,0.0
475,rajasthan,jhalawar,2.0,0.0,1.0,0.0,9.9,104.5,430.8,162.0,101.7,0.0,0.0,0.0
476,rajasthan,jhunjhunu,14.3,0.0,0.2,7.2,26.4,87.0,94.8,52.5,18.8,0.0,4.5,0.0
477,rajasthan,jodhpur,9.3,0.0,15.9,4.3,45.1,107.5,230.4,42.6,20.0,0.0,0.0,0.0
478,rajasthan,karauli,14.5,0.0,0.0,0.0,13.5,83.8,105.2,104.3,26.2,0.0,0.0,0.0
479,rajasthan,kota,0.4,0.0,5.0,0.0,1.6,79.0,170.1,182.9,33.5,0.0,0.0,0.0
480,rajasthan,nagaur,14.3,0.0,2.3,0.0,24.4,128.8,144.1,59.5,34.2,0.0,0.0,0.0
481,rajasthan,pali,4.0,0.0,0.0,0.0,32.6,135.8,526.6,112.3,10.8,0.0,0.0,0.0
482,rajasthan,pratapgarh_rj,0.8,0.0,0.0,0.0,15.4,96.2,627.0,305.0,62.6,0.0,0.0,0.0
483,rajasthan,rajsamand,0.0,0.0,0.1,0.0,1.7,115.0,422.6,131.0,59.6,0.0,0.0,0.0
484,rajasthan,sawai madhopur,12.3,0.0,5.0,1.1,7.8,91.7,145.6,126.2,30.7,0.0,0.5,0.0
485,rajasthan,sikar,1.4,0.0,2.6,0.0,25.5,86.8,114.1,67.7,27.5,0.0,1.8,0.0
486,rajasthan,sirohi,0.0,0.0,1.0,0.0,12.4,89.5,1566.3,103.7,55.9,0.0,0.0,0.0
487,rajasthan,sri ganganagar,3.6,2.1,0.1,4.3,10.7,46.5,38.5,17.2,45.4,0.0,2.0,0.0
488,rajasthan,tonk,13.5,0.0,6.3,1.7,20.3,103.6,154.1,146.0,14.3,0.0,0.0,0.0
489,rajasthan,udaipur,2.7,0.0,0.3,0.0,11.1,97.5,493.8,155.9,63.5,0.0,0.0,0.0
490,telangana,rangareddy,0.0,0.0,2.0,5.8,26.2,179.4,118.7,140.3,132.3,169.5,0.0,0.0
491,bihar,rohtas,0.5,0.0,2.9,0.8,22.0,49.6,474.5,266.4,35.9,6.3,0.4,0.0
492,bihar,saharsa,0.0,0.0,83.1,0.0,124.7,120.2,510.5,307.2,81.7,30.2,0.0,0.0
493,bihar,samastipur,0.0,0.0,22.4,30.7,96.3,129.5,441.2,399.6,120.2,29.0,0.0,0.0
494,bihar,saran,0.0,0.0,6.0,9.1,68.2,85.7,407.3,234.1,80.7,0.0,0.0,0.0
495,bihar,sheikhpura,0.0,0.0,0.3,0.0,67.4,87.8,285.6,183.7,72.4,39.7,0.0,0.0
496,bihar,sheohar,0.0,0.0,34.4,0.0,138.0,115.4,353.8,309.2,131.0,0.0,0.0,0.0
497,assam,shonitpur,2.2,66.7,37.8,196.4,238.5,490.6,443.4,304.4,187.6,109.7,8.9,0.0
498,assam,sibsagar,0.0,35.0,106.6,199.4,243.4,251.4,419.2,181.8,261.9,148.9,5.1,0.0
499,sikkim,east sikkim,7.7,9.0,112.3,266.1,315.7,318.3,485.7,400.6,274.5,83.3,6.5,0.0
500,sikkim,north sikkim,9.1,27.2,223.0,305.8,236.2,631.9,477.8,595.3,470.5,232.0,11.7,0.0
501,sikkim,sikkim,5.6,0.0,69.0,147.9,229.0,156.7,497.5,373.0,425.2,75.2,7.0,0.0
502,sikkim,south sikkim,5.6,0.0,69.0,147.9,229.0,156.7,497.5,373.0,425.2,75.2,7.0,0.0
503,sikkim,west sikkim,0.0,0.0,11.8,77.1,181.7,278.0,642.4,602.6,602.1,69.2,6.2,0.0
504,bihar,sitamarhi,0.0,0.0,11.8,51.1,57.1,110.8,325.2,365.7,79.6,1.9,0.0,0.0
505,bihar,siwan,0.2,0.0,12.3,11.6,88.2,61.3,260.5,171.6,81.9,0.5,0.0,0.0
506,andaman and nicobar islands,south andaman,144.6,2.7,46.3,122.7,294.4,488.0,512.4,460.9,480.0,303.5,241.3,197.1
507,andhra pradesh,srikakulam,0.0,0.0,36.2,16.6,33.5,138.5,278.8,369.3,134.3,137.1,105.8,0.5
508,bihar,supaul,0.0,0.0,46.7,87.4,173.0,116.8,345.5,534.9,103.1,32.5,0.0,0.0
509,tamil nadu,ariyalur,108.3,0.0,18.5,0.0,25.2,98.9,58.3,192.5,199.7,140.7,206.2,0.0
510,tamil nadu,chennai,4.5,0.0,0.0,0.0,1.8,58.5,86.6,233.4,71.2,269.8,583.8,0.0
511,tamil nadu,coimbatore,10.4,0.0,60.9,23.6,86.0,73.1,59.2,115.0,262.7,105.9,44.5,0.0
512,tamil nadu,cuddalore,114.0,0.3,12.4,0.0,11.0,65.3,69.0,211.1,121.9,202.9,391.4,0.0
513,tamil nadu,dharmapuri,8.4,0.0,35.8,43.6,161.5,16.3,26.3,158.4,201.4,159.4,49.4,0.0
514,tamil nadu,dindigul,38.2,0.7,43.5,26.7,81.1,37.6,10.1,146.5,216.0,175.0,87.6,0.0
515,tamil nadu,erode,10.8,0.0,43.9,69.0,145.5,22.0,12.3,89.8,187.0,101.6,34.4,0.0
516,tamil nadu,kancheepuram,16.4,0.1,0.0,0.0,14.4,67.8,98.8,228.6,98.7,287.6,335.7,0.0
517,tamil nadu,kanyakumari,2.1,0.0,27.1,12.2,113.0,150.4,16.6,50.5,193.3,155.6,201.5,0.0
518,tamil nadu,karur,17.2,0.0,49.0,10.2,68.6,9.8,18.6,132.4,175.3,87.2,54.0,0.0
519,tamil nadu,krishnagiri,5.7,0.0,48.7,37.9,198.6,19.1,24.6,189.7,291.7,219.0,54.5,0.0
520,tamil nadu,madurai,32.7,0.5,88.0,12.8,76.5,39.7,34.9,156.5,176.3,167.3,50.3,0.0
521,tamil nadu,nagapattinam,139.4,6.9,48.7,0.0,2.7,38.5,39.4,130.1,91.0,239.0,704.9,0.0
522,tamil nadu,namakkal,6.3,0.0,16.8,26.9,98.0,24.0,45.1,115.2,194.8,149.8,43.6,0.0
523,tamil nadu,nilgiris,58.1,0.0,115.8,54.2,159.2,128.2,143.3,165.1,294.8,118.1,103.7,0.0
524,tamil nadu,perambalur,24.3,0.0,41.9,21.8,58.5,68.8,12.5,247.3,223.7,121.1,101.9,0.0
525,tamil nadu,pudukkottai,53.9,1.3,34.6,0.0,19.8,54.8,41.7,217.3,93.5,89.3,88.6,0.0
526,tamil nadu,ramanathapuram,59.9,7.1,41.4,0.0,27.9,32.6,19.7,74.6,84.4,64.2,146.9,0.0
527,tamil nadu,salem,12.2,0.0,32.9,22.4,112.6,24.5,37.4,199.4,223.4,212.1,64.0,0.0
528,tamil nadu,sivaganga,73.5,1.1,39.3,9.8,58.2,127.7,89.2,184.0,125.5,118.3,82.9,0.0
529,tamil nadu,thanjavur,99.5,4.0,29.7,0.2,30.5,70.7,36.1,237.4,135.3,108.6,221.1,0.0
530,tamil nadu,theni,22.2,0.1,74.1,8.3,64.6,53.0,23.8,77.9,211.8,139.0,57.5,0.0
531,tamil nadu,tirunelveli,65.9,5.0,62.5,29.4,86.1,50.1,5.3,40.9,116.3,83.6,344.0,0.0
532,tamil nadu,tiruppur,7.6,0.0,23.8,31.2,51.2,13.6,9.4,77.7,209.7,123.2,75.2,0.0
533,tamil nadu,tiruvallur,6.0,0.0,1.7,0.0,14.1,60.8,111.9,227.3,103.3,279.9,335.5,0.0
534,tamil nadu,tiruvannamalai,47.0,0.0,4.9,3.4,49.2,55.6,69.1,366.5,130.7,276.5,80.4,0.0
535,tamil nadu,tiruvarur,123.1,2.0,11.2,0.0,19.3,61.0,60.0,149.6,120.0,128.6,363.9,0.0
536,tamil nadu,toothukudi,18.5,0.3,16.6,0.6,19.5,1.2,1.9,32.3,70.0,45.8,153.0,0.0
537,tamil nadu,trichy,24.7,0.0,44.7,3.0,60.1,18.8,27.2,158.0,129.7,92.8,68.1,0.0
538,tamil nadu,vellore,23.1,0.0,6.0,6.3,94.5,59.8,50.3,259.2,204.4,216.6,58.9,0.0
539,tamil nadu,villupuram,40.2,0.0,8.2,0.0,41.6,72.2,73.9,190.1,105.1,226.5,174.8,0.0
540,tamil nadu,virudhunagar,23.2,6.2,38.1,14.2,92.4,10.0,24.1,122.5,137.0,125.7,67.6,0.0
541,arunachal pradesh,tawang,6.0,40.0,117.0,223.0,121.0,84.0,65.0,284.0,209.0,266.3,4.6,0.0
542,assam,tinsukia,5.7,88.7,128.8,285.2,343.7,301.3,466.3,311.5,315.4,266.3,4.6,0.3
543,arunachal pradesh,tirap,0.8,1.8,189.2,220.2,321.6,221.8,382.6,417.8,369.1,170.8,8.0,0.0
544,tripura,dhalai,0.0,24.2,247.7,491.9,201.2,599.9,246.1,508.8,288.6,493.1,2.0,0.0
545,tripura,north tripura,0.0,5.3,209.4,507.8,445.2,790.7,322.1,612.8,308.4,331.8,2.5,0.0
546,tripura,south tripura,0.0,16.1,144.9,348.3,155.2,461.1,513.2,434.9,415.2,362.9,2.5,0.0
547,tripura,west tripura,0.0,33.8,230.8,403.8,235.0,710.4,552.4,481.3,391.8,269.5,3.3,0.0
548,assam,udalguri,0.5,86.5,47.0,252.4,174.1,317.9,256.6,226.9,304.8,158.2,8.3,0.0
549,arunachal pradesh,upper siang,12.2,158.0,422.3,664.0,404.6,675.0,764.4,552.6,675.0,676.8,38.4,14.2
550,arunachal pradesh,upper subansiri,1.0,52.2,131.6,94.2,183.2,345.2,518.6,228.2,188.2,95.0,0.4,7.0
551,uttar pradesh,agra,12.4,0.0,11.1,1.6,20.0,43.3,82.0,70.9,78.1,0.0,0.0,0.0
552,uttar pradesh,aligarh,24.6,0.0,31.3,0.0,28.0,193.3,117.9,86.6,160.6,0.0,0.0,0.0
553,uttar pradesh,allahabad,0.2,0.0,0.1,1.2,4.7,40.2,466.7,117.8,60.9,0.4,0.0,0.0
554,uttar pradesh,ambedkar nagar,6.0,0.0,0.0,1.0,40.3,51.4,401.9,142.1,140.3,0.0,0.0,0.0
555,uttar pradesh,amethi,2.5,0.0,0.0,0.0,9.0,44.7,160.9,66.5,97.2,1.0,0.0,0.0
556,uttar pradesh,auraiya,5.0,0.0,2.0,2.0,15.0,69.0,85.5,112.8,42.2,0.0,0.0,0.0
557,uttar pradesh,azamgarh,8.3,0.0,0.0,6.6,15.7,62.3,497.0,253.0,100.5,0.5,0.0,0.0
558,uttar pradesh,badaun,29.0,0.0,24.8,0.4,14.2,65.4,224.8,148.9,132.0,0.0,0.0,0.0
559,uttar pradesh,baghpat,68.5,0.0,14.7,1.3,22.9,139.5,159.7,89.3,165.0,0.0,0.0,0.0
560,uttar pradesh,bahraich,21.7,0.3,37.9,16.1,75.1,117.2,393.9,287.6,131.8,12.8,0.0,0.0
561,uttar pradesh,ballia,6.3,0.0,6.1,0.0,40.7,53.6,252.5,161.7,71.2,2.8,0.0,0.0
562,uttar pradesh,balrampur,7.0,0.0,6.0,0.0,13.5,50.2,243.3,260.0,52.8,15.9,0.0,0.0
563,uttar pradesh,banda,0.0,0.0,1.9,0.0,13.5,35.5,237.0,161.0,59.4,0.0,0.0,0.0
564,uttar pradesh,barabanki,8.3,0.0,10.7,0.6,8.0,29.9,387.8,243.5,152.3,0.0,0.0,0.0
565,uttar pradesh,bareilly,37.5,0.8,14.1,0.4,5.9,52.0,414.6,163.9,233.1,3.9,0.0,0.0
566,uttar pradesh,basti,18.2,0.0,2.5,1.1,67.3,53.9,396.2,215.5,139.7,14.3,0.0,0.0
567,uttar pradesh,bijnor,43.3,8.6,1.5,2.8,26.7,130.2,333.4,191.9,311.5,0.0,0.0,0.0
568,uttar pradesh,bulandshahar,25.8,0.0,4.5,5.0,8.0,98.7,98.2,108.4,198.3,0.0,0.0,0.0
569,uttar pradesh,chandauli,1.0,0.0,0.0,0.0,0.0,13.0,315.6,102.4,13.4,0.0,0.0,0.0
570,uttar pradesh,deoria,6.5,0.0,0.5,0.4,58.0,62.0,231.1,181.0,63.5,0.0,0.0,0.0
571,uttar pradesh,etah,16.4,0.0,14.7,0.0,12.3,127.4,150.7,118.4,86.0,0.0,0.0,0.0
572,uttar pradesh,etawah,8.0,0.0,8.5,0.0,11.5,55.9,126.3,137.9,47.6,0.0,0.0,0.0
573,uttar pradesh,faizabad,14.8,0.0,0.0,1.0,7.4,37.1,267.8,142.9,145.5,0.0,0.0,0.0
574,uttar pradesh,farrukhabad,6.7,0.0,17.1,0.0,16.6,76.9,203.9,192.6,134.8,0.0,0.0,0.0
575,uttar pradesh,fatehpur,7.2,0.0,0.0,5.4,48.1,6.5,265.2,152.5,49.2,0.0,0.0,0.0
576,uttar pradesh,firozabad,13.8,0.0,13.5,0.0,8.8,59.5,185.0,227.7,146.0,0.0,0.0,0.0
577,uttar pradesh,gautam buddha nagar,4.0,0.0,7.0,0.0,3.0,69.0,28.0,42.0,151.1,0.0,0.0,0.0
578,uttar pradesh,ghaziabad,22.7,0.0,10.3,0.0,6.6,65.4,42.7,104.9,135.9,0.0,0.0,0.0
579,uttar pradesh,ghazipur,0.0,0.0,0.7,4.9,34.5,25.9,384.0,142.7,97.7,5.9,0.0,0.0
580,uttar pradesh,gonda,10.5,0.0,6.0,0.0,43.0,47.7,332.2,164.3,73.1,0.0,0.0,0.0
581,uttar pradesh,gorakhpur,6.5,0.0,2.7,1.2,53.0,110.3,412.0,300.3,129.7,7.0,0.0,0.0
582,uttar pradesh,hamirpur_up,8.0,0.0,1.0,0.0,18.3,29.1,178.5,84.5,48.3,12.0,0.0,0.0
583,uttar pradesh,hardoi,18.8,1.0,10.1,0.2,9.1,53.3,251.7,157.2,58.4,0.0,0.0,0.0
584,uttar pradesh,jalaun,22.2,0.0,0.3,0.0,19.9,64.5,117.5,103.7,33.7,0.0,0.0,0.0
585,uttar pradesh,jaunpur,3.9,0.0,0.0,0.0,7.6,21.5,206.3,105.9,65.0,0.9,0.0,0.0
586,uttar pradesh,jhansi,4.9,0.0,0.8,0.0,6.7,97.5,149.4,145.9,60.2,2.8,0.0,0.0
587,uttar pradesh,jyotiba phule nagar,23.5,0.0,16.5,0.5,26.0,49.5,280.5,185.5,233.0,0.0,0.0,0.0
588,uttar pradesh,kannauj,24.0,0.0,14.0,0.0,44.0,64.1,289.2,197.5,99.0,0.0,0.0,0.0
589,uttar pradesh,kanpur dehat,7.0,0.0,0.0,0.0,15.2,25.6,161.8,119.4,28.5,0.0,0.0,0.0
590,uttar pradesh,kanpur nagar,15.1,0.0,1.2,2.4,13.5,24.0,252.5,139.6,41.4,0.0,0.0,0.0
591,uttar pradesh,kanshiram nagar,29.0,2.0,6.0,0.0,33.0,226.0,251.0,80.0,80.0,0.0,0.0,0.0
592,uttar pradesh,kaushambi,0.0,0.0,0.0,0.0,2.4,33.7,312.7,151.1,78.7,0.0,0.0,0.0
593,uttar pradesh,kheri,38.5,0.0,11.0,0.0,63.7,87.9,366.0,330.2,148.7,0.0,0.0,0.0
594,uttar pradesh,kushi nagar,2.5,0.0,1.0,1.0,31.8,47.4,244.3,96.3,33.8,0.0,0.0,0.0
595,uttar pradesh,lalitpur,0.0,8.0,6.5,0.0,1.5,135.5,287.5,64.0,171.0,0.0,0.0,0.0
596,uttar pradesh,lucknow,7.9,0.0,2.7,0.0,2.8,48.8,298.0,247.9,59.3,4.7,0.0,0.0
597,uttar pradesh,mahamaya nagar,20.0,0.0,12.0,0.0,0.0,98.5,57.0,46.0,59.0,0.0,0.0,0.0
598,uttar pradesh,maharajganj,5.8,0.0,1.0,11.0,68.7,51.0,273.5,449.8,83.3,2.5,0.0,0.0
599,uttar pradesh,mahoba,0.0,0.0,0.0,0.0,16.4,65.0,222.2,143.1,49.8,0.0,0.0,0.0
600,uttar pradesh,mainpuri,9.1,0.0,8.9,0.0,9.0,38.9,269.0,130.4,131.1,0.0,0.0,0.0
601,uttar pradesh,mathura,1.0,0.0,0.0,0.0,2.0,30.8,133.5,60.0,36.5,0.0,0.0,0.0
602,uttar pradesh,mau,10.0,0.0,0.0,2.5,11.5,12.0,208.0,129.7,28.5,0.0,0.0,0.0
603,uttar pradesh,meerut,47.8,0.0,7.0,11.1,18.5,92.7,126.1,90.1,202.6,0.0,0.0,0.0
604,uttar pradesh,mirzapur,0.5,0.0,0.0,0.0,15.5,39.9,395.4,100.5,14.6,0.0,0.0,0.0
605,uttar pradesh,moradabad,24.8,0.3,7.3,4.8,7.0,88.6,350.8,207.7,245.2,3.0,0.0,0.0
606,uttar pradesh,muzaffarnagar,51.3,0.6,5.0,0.7,15.2,57.6,63.9,149.8,206.0,0.0,0.0,0.0
607,uttar pradesh,pilibhit,14.4,1.0,1.0,0.0,1.4,13.6,143.9,177.4,111.8,0.0,0.0,0.0
608,uttar pradesh,pratapgarh_up,1.7,0.0,0.0,0.0,9.7,41.7,520.7,189.4,76.2,2.7,0.0,0.0
609,uttar pradesh,rae bareilly,5.3,0.0,0.4,0.0,4.6,29.9,211.1,131.8,49.0,0.0,0.0,0.0
610,uttar pradesh,rampur,12.0,0.0,8.6,0.0,13.2,45.8,189.6,123.0,126.5,0.0,0.0,0.0
611,uttar pradesh,saharanpur,48.3,3.3,6.7,9.0,1.0,184.1,132.3,182.0,192.0,0.0,0.0,0.0
612,uttar pradesh,sahuji maharaj nagar,0.0,0.0,0.0,0.0,1.5,74.5,439.7,192.3,126.5,0.0,0.0,0.0
613,uttar pradesh,sant kabir nagar,5.0,0.0,0.0,10.0,94.0,56.0,491.0,295.0,205.0,0.0,0.0,0.0
614,uttar pradesh,sant ravidas nagar,22.0,0.0,0.0,0.0,0.0,3.0,246.0,126.0,53.0,2.0,0.0,0.0
615,uttar pradesh,shahjahanpur,21.4,0.5,8.9,0.0,33.5,46.6,150.0,165.8,145.7,0.0,0.0,0.0
616,uttar pradesh,shrawasti nagar,0.0,0.0,0.0,0.0,23.0,106.0,321.8,466.9,87.0,40.1,0.0,0.0
617,uttar pradesh,siddharth nagar,0.0,0.0,1.0,0.0,11.2,29.4,325.8,555.6,233.9,2.1,0.0,0.0
618,uttar pradesh,sitapur,15.0,0.0,6.5,6.3,28.5,69.0,263.3,153.5,99.2,0.0,0.0,0.0
619,uttar pradesh,sonbhadra,6.0,0.0,1.2,0.0,16.6,39.8,552.4,74.3,37.4,18.5,0.0,0.0
620,uttar pradesh,sultanpur,16.5,0.0,2.2,4.0,3.8,68.1,260.7,114.0,78.9,0.1,0.0,0.0
621,uttar pradesh,unnao,16.3,0.0,0.0,0.0,19.8,53.3,238.1,77.5,56.0,0.0,0.0,0.0
622,uttar pradesh,varanasi,4.9,0.0,1.2,1.3,9.4,47.9,456.8,146.0,94.3,3.7,0.0,0.0
623,uttarakhand,almora,26.0,5.1,15.6,24.1,109.9,133.6,451.6,196.7,215.6,0.1,0.0,0.0
624,uttarakhand,bageshwar,14.8,0.0,19.5,33.2,97.4,135.5,547.8,298.2,147.7,1.0,0.0,0.0
625,uttarakhand,chamoli,29.0,20.4,70.7,103.0,116.4,206.6,446.4,388.4,200.9,1.0,0.9,0.0
626,uttarakhand,champawat,29.0,7.0,12.0,16.5,63.5,143.0,551.5,411.9,164.5,2.0,0.0,0.0
627,uttarakhand,dehradun,41.6,10.7,36.1,37.8,81.8,390.5,603.5,460.1,264.5,0.0,0.1,0.0
628,uttarakhand,garhwal pauri,34.4,3.4,22.8,19.0,50.6,102.6,278.3,348.6,168.8,0.0,0.3,0.0
629,uttarakhand,garhwal tehri,58.2,22.6,43.9,44.0,74.0,135.8,294.8,164.4,192.9,0.0,0.4,0.0
630,uttarakhand,hardwar,27.7,7.7,24.8,46.1,8.6,170.3,112.0,290.9,354.0,0.0,0.0,0.0
631,uttarakhand,nainital,51.1,13.5,21.9,15.6,162.0,176.3,654.7,506.8,413.1,0.0,0.0,0.0
632,uttarakhand,pithoragarh,27.2,15.3,57.1,85.9,133.7,180.9,642.6,532.0,132.8,19.3,0.2,0.0
633,uttarakhand,rudraprayag,34.5,8.9,81.3,113.6,232.6,263.7,530.4,413.6,284.4,0.3,0.0,0.0
634,uttarakhand,udham singh nagar,24.4,0.7,3.4,1.9,12.7,68.3,360.3,302.1,216.0,0.0,0.0,0.0
635,uttarakhand,uttarkashi,52.2,24.8,75.9,58.8,153.4,178.2,426.7,179.9,166.8,0.0,0.2,0.0
636,bihar,vaishali,0.0,0.0,14.0,14.4,73.3,99.2,367.8,209.8,62.3,0.0,0.0,0.0
637,andhra pradesh,vishakhapatnam,0.0,0.0,15.6,19.3,42.0,203.6,126.5,251.8,149.2,127.1,6.1,0.0
638,andhra pradesh,vizianagaram,0.1,0.0,37.4,5.1,53.8,110.1,144.1,349.3,187.3,158.2,35.2,0.1
639,telangana,warangal,0.0,0.0,5.6,1.0,19.5,225.5,197.4,241.1,159.9,121.3,1.0,0.0
640,west bengal,bankura,0.0,0.0,16.9,27.9,76.3,228.8,634.2,330.4,186.1,249.1,25.3,0.0
641,west bengal,birbhum,4.6,0.0,4.8,28.0,160.8,156.6,487.1,238.6,166.5,214.5,2.5,0.0
642,west bengal,burdwan,1.2,0.0,32.6,28.3,171.2,255.8,464.1,252.9,178.2,260.1,14.5,0.0
643,west bengal,cooch behar,0.1,0.0,67.8,198.1,377.7,422.2,411.6,1100.6,352.5,188.1,0.0,0.0
644,west bengal,darjeeling,0.9,4.6,79.1,61.3,276.1,531.0,760.2,767.9,531.0,63.8,7.6,0.0
645,west bengal,east midnapore,0.0,0.0,58.7,19.0,89.1,158.0,484.5,223.8,227.7,216.2,32.2,0.0
646,west bengal,hooghly,0.0,0.0,23.9,11.8,115.2,186.6,434.6,227.0,180.8,212.4,25.2,0.0
647,west bengal,howrah,0.1,0.0,71.5,11.3,65.4,174.7,629.6,281.8,155.5,223.1,32.3,0.0
648,west bengal,jalpaiguri,1.9,0.8,83.8,101.3,287.4,631.0,569.7,1167.3,596.1,204.4,2.8,0.0
649,west bengal,kolkata,0.1,0.0,138.9,4.5,41.9,240.0,621.5,385.9,181.9,247.2,41.7,0.0
650,west bengal,malda,0.9,0.0,12.4,94.8,110.6,76.5,352.6,580.5,200.1,143.9,0.0,0.0
651,west bengal,midnapore,2.7,0.0,16.7,53.6,130.3,134.4,336.7,224.0,163.1,108.7,0.9,0.0
652,west bengal,murshidabad,2.7,0.0,16.7,53.6,130.3,134.4,336.7,224.0,163.1,108.7,0.9,0.0
653,west bengal,nadia,0.0,0.0,12.4,12.2,136.3,221.3,404.2,200.9,147.4,155.2,23.6,0.0
654,west bengal,north 24 parganas,0.0,0.0,44.2,5.2,87.6,258.6,502.3,257.2,238.4,288.5,39.0,0.0
655,west bengal,north dinajpur,3.4,0.0,35.5,143.5,121.4,169.1,395.8,605.3,128.3,257.2,0.0,0.0
656,west bengal,purulia,0.1,0.0,13.6,43.7,115.3,186.2,568.2,249.6,197.0,180.5,10.6,0.0
657,west bengal,south 24 parganas,0.0,0.1,69.8,27.3,42.9,149.2,540.4,276.1,207.5,310.3,26.7,0.0
658,west bengal,south dinajpur,1.6,0.0,40.9,91.5,68.5,150.3,161.2,522.0,133.4,75.7,0.0,0.0
659,west bengal,west midnapore,5.0,0.0,43.9,17.4,109.2,205.5,411.7,311.9,202.7,203.4,32.1,0.0
660,bihar,west champaran,3.7,0.0,95.2,38.0,102.9,91.0,443.2,937.7,329.9,13.3,0.0,0.0
661,andhra pradesh,west godavri,0.0,0.0,5.9,6.0,24.4,182.6,258.8,243.6,119.0,121.0,3.7,0.0
662,arunachal pradesh,west kameng,3.1,13.9,27.5,100.0,96.3,287.8,222.1,340.2,227.2,63.9,5.7,0.0
663,arunachal pradesh,west siang,8.7,65.6,148.9,271.6,213.9,436.3,537.1,371.6,432.6,251.6,0.7,5.8
